Datetime,Water Level (m)
2026-09-21 18:00:00,0.6876989
2026-09-21 19:00:00,0.519657
2026-09-21 20:00:00,0.30140334
2026-09-21 21:00:00,0.12425542
2026-09-21 22:00:00,-0.0075738467
2026-09-21 23:00:00,-0.08767914
2026-09-22 00:00:00,-0.05710642
2026-09-22 01:00:00,0.19306815
2026-09-22 02:00:00,0.5121831
2026-09-22 03:00:00,0.8009729
2026-09-22 04:00:00,1.0131371
2026-09-22 05:00:00,1.1215566
2026-09-22 06:00:00,1.1034069
2026-09-22 07:00:00,0.9299607
2026-09-22 08:00:00,0.6905192
2026-09-22 09:00:00,0.48777318
2026-09-22 10:00:00,0.32342288
2026-09-22 11:00:00,0.19445029
2026-09-22 12:00:00,0.1117665
2026-09-22 13:00:00,0.13600054
2026-09-22 14:00:00,0.39573327
2026-09-22 15:00:00,0.7363361
2026-09-22 16:00:00,1.0192854
2026-09-22 17:00:00,1.169982
2026-09-22 18:00:00,1.160618
2026-09-22 19:00:00,0.9950131
2026-09-22 20:00:00,0.76577497
2026-09-22 21:00:00,0.5675219
2026-09-22 22:00:00,0.40037292
2026-09-22 23:00:00,0.26141247
2026-09-23 00:00:00,0.16164154
2026-09-23 01:00:00,0.14404449
2026-09-23 02:00:00,0.381611
2026-09-23 03:00:00,0.7934927
2026-09-23 04:00:00,1.1789995
2026-09-23 05:00:00,1.4319762
2026-09-23 06:00:00,1.5087125
2026-09-23 07:00:00,1.4029557
2026-09-23 08:00:00,1.1208357
2026-09-23 09:00:00,0.8450291
2026-09-23 10:00:00,0.62489617
2026-09-23 11:00:00,0.43688822
2026-09-23 12:00:00,0.2810701
2026-09-23 13:00:00,0.17595705
2026-09-23 14:00:00,0.20514254
2026-09-23 15:00:00,0.5648216
2026-09-23 16:00:00,0.99272525
2026-09-23 17:00:00,1.3004677
2026-09-23 18:00:00,1.4248495
2026-09-23 19:00:00,1.3443344
2026-09-23 20:00:00,1.085941
2026-09-23 21:00:00,0.814505
2026-09-23 22:00:00,0.5886399
2026-09-23 23:00:00,0.39778692
2026-09-24 00:00:00,0.24259995
2026-09-24 01:00:00,0.12614226
2026-09-24 02:00:00,0.111293264
2026-09-24 03:00:00,0.49014565
2026-09-24 04:00:00,1.003283
2026-09-24 05:00:00,1.4173957
2026-09-24 06:00:00,1.5935168
2026-09-24 07:00:00,1.6168811
2026-09-24 08:00:00,1.3895458
2026-09-24 09:00:00,1.0542762
2026-09-24 10:00:00,0.76650053
2026-09-24 11:00:00,0.53505343
2026-09-24 12:00:00,0.3513782
2026-09-24 13:00:00,0.19749637
2026-09-24 14:00:00,0.098752595
2026-09-24 15:00:00,0.26597872
2026-09-24 16:00:00,0.7784496
2026-09-24 17:00:00,1.237665
2026-09-24 18:00:00,1.5382609
2026-09-24 19:00:00,1.6172007
2026-09-24 20:00:00,1.4474728
2026-09-24 21:00:00,1.1011173
2026-09-24 22:00:00,0.8008289
2026-09-24 23:00:00,0.57037735
2026-09-25 00:00:00,0.37276042
2026-09-25 01:00:00,0.2105506
2026-09-25 02:00:00,0.08401784
2026-09-25 03:00:00,0.14682181
2026-09-25 04:00:00,0.6810676
2026-09-25 05:00:00,1.219829
2026-09-25 06:00:00,1.6000441
2026-09-25 07:00:00,1.7327012
2026-09-25 08:00:00,1.6493919
2026-09-25 09:00:00,1.3222435
2026-09-25 10:00:00,0.97951394
2026-09-25 11:00:00,0.7108957
2026-09-25 12:00:00,0.4954975
2026-09-25 13:00:00,0.30192146
2026-09-25 14:00:00,0.1415087
2026-09-25 15:00:00,0.046832778
2026-09-25 16:00:00,0.3535101
2026-09-25 17:00:00,0.92399746
2026-09-25 18:00:00,1.3791837
2026-09-25 19:00:00,1.61749
2026-09-25 20:00:00,1.621942
2026-09-25 21:00:00,1.3204358
2026-09-25 22:00:00,0.96208155
2026-09-25 23:00:00,0.68046683
2026-09-26 00:00:00,0.47213852
2026-09-26 01:00:00,0.2696639
2026-09-26 02:00:00,0.107243076
2026-09-26 03:00:00,-0.004841467
2026-09-26 04:00:00,0.20100053
2026-09-26 05:00:00,0.7850517
2026-09-26 06:00:00,1.2935795
2026-09-26 07:00:00,1.615284
2026-09-26 08:00:00,1.6848308
2026-09-26 09:00:00,1.4363344
2026-09-26 10:00:00,1.0627321
2026-09-26 11:00:00,0.7441684
2026-09-26 12:00:00,0.5002587
2026-09-26 13:00:00,0.2986363
2026-09-26 14:00:00,0.1235205
2026-09-26 15:00:00,-0.024964292
2026-09-26 16:00:00,-0.04932415
2026-09-26 17:00:00,0.4432697
2026-09-26 18:00:00,1.0089077
2026-09-26 19:00:00,1.439875
2026-09-26 20:00:00,1.633907
2026-09-26 21:00:00,1.5157118
2026-09-26 22:00:00,1.1379129
2026-09-26 23:00:00,0.7993798
2026-09-27 00:00:00,0.5372422
2026-09-27 01:00:00,0.3255701
2026-09-27 02:00:00,0.14602837
2026-09-27 03:00:00,-0.011374969
2026-09-27 04:00:00,-0.09304887
2026-09-27 05:00:00,0.28962398
2026-09-27 06:00:00,0.8823936
2026-09-27 07:00:00,1.3555841
2026-09-27 08:00:00,1.6115578
2026-09-27 09:00:00,1.5490229
2026-09-27 10:00:00,1.187261
2026-09-27 11:00:00,0.83586323
2026-09-27 12:00:00,0.577322
2026-09-27 13:00:00,0.35311422
2026-09-27 14:00:00,0.1671873
2026-09-27 15:00:00,0.003840494
2026-09-27 16:00:00,-0.11772642
2026-09-27 17:00:00,0.07328786
2026-09-27 18:00:00,0.6757148
